{"cameraMode":{"drawMode":0,"name":"Shaded","section":"Shading Mode"},"sceneLighting":true,"audioPlay":false,"sceneViewState":{"m_AlwaysRefresh":false,"showFog":true,"showSkybox":true,"showFlares":true,"showImageEffects":true,"showParticleSystems":true,"showVisualEffectGraphs":true,"m_FxEnabled":true},"in2DMode":false,"pivot":{"x":24.794376373291017,"y":-2.984159469604492,"z":33.075679779052737},"rotation":{"x":0.008870369754731655,"y":-0.987242579460144,"z":0.14769785106182099,"w":0.05989910662174225},"size":9.241772651672364,"orthographic":true}